COUNTRY,INDICATOR,SCALE,1980,1981,1982,1983,1984,1985,1986,1987,1988,1989,1990,1991,1992,1993,1994,1995,1996,1997,1998,1999,2000,2001,2002,2003,2004,2005,2006,2007,2008,2009,2010,2011,2012,2013,2014,2015,2016,2017,2018,2019,2020,2021,2022,2023,2024,2025,2026,2027,2028,2029,2030
Pakistan,"Gross domestic product (GDP), Current prices, US dollar",Billions,38.616,45.681,49.932,46.619,50.612,50.607,51.827,54.171,62.385,65.042,65.276,74.158,79.338,83.969,84.642,98.917,103.296,101.848,101.381,96.008,99.421,96.784,98.169,112.507,132.206,145.209,161.871,184.141,202.204,187.074,196.712,230.577,250.094,258.674,271.422,299.93,313.623,339.229,356.163,321.071,300.41,348.481,374.85,337.754,373.078,,,,,,
Czech Republic,"Gross domestic product (GDP), Current prices, US dollar",Billions,,,,,,,,,,,,,,,,60.565,67.805,62.53,67.161,65.586,62.171,68.136,82.596,100.471,120.148,137.264,156.236,189.845,236.82,207.095,211.169,231.429,210.363,213.024,210.911,189.108,198.161,221.564,251.992,256.794,251.11,290.973,301.831,343.207,344.931,360.244,376.684,390.799,406.038,422.083,438.859
Bangladesh,"Gross domestic product (GDP), Current prices, US dollar",Billions,24.775,26.355,24.678,23.904,26.817,28.819,29.639,32.449,34.914,38.07,41.068,42.488,43.292,43.684,46.438,51.842,55.445,57.599,59.879,61.526,61.687,62.537,65.036,71.755,77.152,79.53,86.028,95.374,109.765,122.76,138.094,154.097,159.749,179.676,207.102,233.687,265.236,293.755,321.379,351.238,373.902,416.265,460.201,451.534,451.096,467.218,513.121,557.136,606.807,672.75,740.875
Belgium,"Gross domestic product (GDP), Current prices, US dollar",Billions,123.479,102.245,89.959,85.037,81.237,84.468,117.063,145.412,158.098,159.817,200.15,205.37,228.733,218.721,238.623,288.302,279.292,253.022,258.876,258.503,236.897,236.748,258.2,318.004,369.047,385.927,408.281,470.978,517.271,484.488,481.949,527.106,498.731,524.106,538.127,461.091,474.141,500.733,542.885,536.787,529.269,598.892,593.906,644.968,664.965,684.864,706.834,725.385,746.66,768.493,791.414
Colombia,"Gross domestic product (GDP), Current prices, US dollar",Billions,46.501,50.661,54.252,53.92,53.257,48.581,48.648,50.64,54.592,55.048,56.071,57.954,68.579,77.721,97.665,110.564,116.13,127.49,117.725,103.132,99.27,97.606,97.353,94.072,116.382,145.6,161.793,206.23,242.504,232.469,286.499,334.966,370.692,382.094,381.241,293.493,282.72,311.89,334.124,323.055,270.348,318.525,345.632,366.292,418.542,427.766,445.65,466.154,488.083,510.905,534.345
Chile,"Gross domestic product (GDP), Current prices, US dollar",Billions,29.032,34.374,25.63,20.819,20.246,17.36,18.662,22.01,25.947,29.889,33.231,38.249,46.597,49.855,57.517,74.119,78.575,85.73,81.996,75.596,78.25,71.517,70.295,76.508,99.079,122.315,153.84,172.565,179.663,171.794,217.105,251.225,267.165,277.218,259.394,242.515,249.306,276.357,295.428,278.04,254.06,315.411,301.27,335.627,330.21,343.823,357.69,373.212,389.242,405.801,422.793
Denmark,"Gross domestic product (GDP), Current prices, US dollar",Billions,70.811,61.46,60.084,60.331,58.869,62.452,87.749,109.183,115.54,112.312,138.219,139.182,152.966,143.11,156.019,184.85,187.482,173.242,176.876,177.887,164.043,164.881,178.788,218.422,251.988,265.15,283.387,320.213,354.977,322.621,322.346,344.316,326.793,344.631,352.833,301.759,312.182,331.611,355.293,345.402,355.631,408.378,401.946,407.092,429.458,449.94,473.665,493.376,512.752,533.284,554.224
Finland,"Gross domestic product (GDP), Current prices, US dollar",Billions,53.714,52.62,53.111,51.056,53.032,56.223,73.652,91.775,109.255,119.106,141.726,128.215,113.139,89.177,103.621,134.21,132.046,127.027,134.164,135.369,126.023,129.521,140.262,171.57,197.369,204.973,217.056,256.39,285.667,253.206,249.633,275.079,257.606,270.272,273.549,233.234,238.712,253.757,273.993,267.044,269.784,294.419,280.474,295.036,298.833,303.945,315.822,326.344,337.007,348.457,361.008
Greece,"Gross domestic product (GDP), Current prices, US dollar",Billions,56.217,51.873,54.114,48.913,47.657,47.269,55.636,64.769,75.384,78.148,96.601,104.164,114.846,107.505,115.055,135.036,142.513,138.93,139.821,143.693,127.438,132.051,150.148,196.881,234.873,242.45,269.088,314.264,351.083,326.474,296.66,283.178,238.992,236.56,233.972,194.587,193.044,200.31,213.396,207.329,191.21,218.449,219.053,243.569,257.067,267.348,279.637,288.684,298.64,308.815,319.516
Ireland,"Gross domestic product (GDP), Current prices, US dollar",Billions,21.425,20.423,21.313,20.618,19.883,21.168,28.516,33.66,36.875,38.03,48.199,48.84,54.911,51.364,55.843,69.26,75.928,82.957,90.305,98.993,100.253,109.347,128.505,164.63,194.283,211.993,232.193,270.112,275.417,236.187,222.167,241.295,227.415,243.305,266.857,302.422,305.649,348.411,395.641,407.17,436.205,531.66,549.003,551.554,577.216,598.84,623.492,647.247,675.102,703.501,734.181
Israel,"Gross domestic product (GDP), Current prices, US dollar",Billions,25.071,26.565,28.47,31.752,30.059,27.938,34.394,41.08,50.888,51.777,61.097,69.307,77.446,77.837,88.852,105.553,115.181,119.516,120.586,121.425,136.516,134.99,125.339,131.544,140.162,147.442,159.076,184.706,221.231,213.401,239.679,268.095,263.591,298.479,315.019,303.469,321.941,358.453,376.301,400.648,410.771,489.854,525.183,512.185,540.381,583.361,610.712,638.253,667.6,698.299,730.427
Malaysia,"Gross domestic product (GDP), Current prices, US dollar",Billions,26.757,27.321,29.278,32.745,37.087,34.09,30.303,34.529,37.845,41.678,47.245,53.519,64.427,72.857,81.156,96.606,109.846,109.116,78.639,86.203,102.149,101.054,109.833,120.025,135.869,150.345,170.41,202.732,241.946,211.847,258.64,302.184,318.909,327.869,342.868,301.355,301.256,319.109,358.783,365.178,337.456,373.785,407.605,399.705,419.617,444.984,475.129,503.927,534.617,565.411,599.678
Norway,"Gross domestic product (GDP), Current prices, US dollar",Billions,64.439,63.597,62.647,61.627,62.058,65.417,78.693,94.231,101.901,102.634,119.791,121.872,130.838,120.579,127.132,152.031,163.52,161.357,154.23,162.384,171.456,174.24,195.915,229.385,265.267,309.979,346.914,402.646,464.915,387.974,431.052,501.361,512.777,526.014,501.737,388.16,370.957,401.745,439.789,408.743,367.633,503.368,596.298,482.95,483.727,504.276,520.593,538.234,555.165,572.965,591.969
Peru,"Gross domestic product (GDP), Current prices, US dollar",Billions,20.19,24.398,24.259,18.863,19.442,16.823,25.241,41.681,32.978,40.699,28.326,33.988,35.377,34.33,43.225,51.38,53.412,56.281,53.918,48.719,50.414,51.034,53.954,58.537,66.126,74.232,87.459,102.187,121.308,121.892,149.23,171.369,193.276,203.042,203.785,192.85,196.348,216.578,227.583,233.004,206.461,226.268,244.419,267.482,289.07,303.293,319.095,333.627,348.299,364.09,380.757
Philippines,"Gross domestic product (GDP), Current prices, US dollar",Billions,37.082,40.735,42.441,37.953,35.86,34.973,34.129,37.932,43.293,48.652,50.508,51.784,60.422,62.037,73.159,84.644,94.65,94.106,74.492,85.64,83.667,78.921,84.307,87.039,95.002,107.42,127.653,155.98,181.007,176.132,208.369,234.217,261.92,283.903,297.484,306.446,318.627,328.481,346.842,376.823,361.751,394.087,404.353,437.055,461.617,497.495,538.789,586.087,638.178,695.311,757.672
Portugal,"Gross domestic product (GDP), Current prices, US dollar",Billions,32.607,32.477,30.678,28.267,25.951,27.231,37.869,47.386,55.435,59.806,79.439,89.904,108.119,95.139,99.692,118.182,122.655,117.211,124.124,127.597,118.658,121.605,134.7,165.185,189.296,197.363,208.767,240.524,263.388,244.402,238.639,245.383,216.674,226.681,230.138,199.059,206.249,220.785,242.203,240.142,229.435,256.226,257.101,289.781,308.59,321.44,336.265,347.893,360.829,374.432,388.164
Romania,"Gross domestic product (GDP), Current prices, US dollar",Billions,46.053,55.319,55.375,48.401,39.111,48.286,52.29,58.477,60.538,54.236,38.516,29.07,19.779,26.624,30.376,35.838,35.692,35.644,42.543,35.953,37.447,40.396,46.035,57.79,75.059,98.547,122.114,174.831,215.567,174.572,170.329,192.846,179.228,189.839,199.989,177.878,185.337,210.53,243.651,251.652,252.372,286.783,296.928,350.847,384.148,403.395,424.375,446.232,470.105,496.488,524.867
Singapore,"Gross domestic product (GDP), Current prices, US dollar",Billions,12.082,14.367,15.879,18.011,19.563,18.573,18.78,21.629,26.551,31.436,38.892,45.465,52.131,60.604,73.689,87.813,96.293,100.124,85.728,86.287,96.077,89.794,92.538,97.646,115.034,127.808,148.627,180.942,193.617,194.15,239.808,279.357,295.093,307.576,314.864,307.999,319.646,343.673,377.124,376.162,349.166,436.591,509.018,505.44,547.387,564.774,585.946,611.464,639.122,667.781,698.073
South Africa,"Gross domestic product (GDP), Current prices, US dollar",Billions,89.412,93.15,85.897,96.205,84.838,64.481,73.399,96.533,104.01,108.07,126.027,135.227,146.97,147.236,153.569,171.736,163.34,169.004,152.885,151.426,151.855,135.527,129.385,197.017,256.188,288.749,304.055,332.65,316.491,331.184,417.315,458.708,434.4,400.877,381.195,346.663,323.493,381.317,405.093,389.245,337.876,420.778,406.755,380.592,400.191,410.338,424.241,439.31,455.523,472.093,490.013
Sweden,"Gross domestic product (GDP), Current prices, US dollar",Billions,139.571,127.406,112.404,103.289,107.628,112.593,148.766,180.937,204.691,215.436,258.395,270.629,281.588,212.646,228.703,267.054,291.954,268.252,270.891,274.319,262.904,242.498,267.373,334.074,384.548,391.691,422.528,490.052,514.617,434.313,492.753,570.541,549.742,584.128,577.73,501.698,514.218,536.084,551.312,532.169,545.148,637.187,579.896,585.49,610.118,620.297,649.462,677.464,704.54,732.485,761.499
Thailand,"Gross domestic product (GDP), Current prices, US dollar",Billions,33.422,35.999,37.799,41.366,43.179,40.185,44.52,52.204,63.704,74.637,88.467,101.247,115.576,128.889,146.684,169.279,183.035,150.18,113.676,126.669,126.392,120.296,134.301,152.281,172.896,189.318,221.758,262.943,291.383,281.711,341.105,370.819,397.558,420.334,407.339,401.296,413.366,456.357,506.754,543.977,500.462,506.195,495.645,515.906,526.411,546.224,556.756,573.857,593.755,616.061,640.494
United Arab Emirates,"Gross domestic product (GDP), Current prices, US dollar",Billions,41.725,46.461,43.205,39.588,39.245,38.519,30.526,33.519,34.069,39.325,50.682,49.3,51.952,52.144,57.395,63.432,72.853,77.167,75.304,84.42,102.987,103.312,109.816,124.346,147.812,180.616,222.117,257.883,315.464,253.547,300.189,360.833,384.61,400.219,414.105,370.276,369.255,390.517,427.049,417.99,349.473,415.179,502.732,514.13,537.079,548.598,577.424,614.689,654.065,695.217,736.811
Vietnam,"Gross domestic product (GDP), Current prices, US dollar",Billions,35.357,17.617,23.369,35.204,61.171,19.045,43.009,53.385,29.501,7.991,8.217,9.704,12.528,16.736,20.712,26.407,31.352,34.146,34.58,36.444,39.585,41.297,44.563,50.233,62.877,73.197,84.301,98.426,124.756,129.022,143.212,171.312,195.169,212.728,232.888,236.795,252.146,277.071,304.47,331.818,346.31,370.076,411.068,433.008,459.472,490.97,518.999,553.437,589.412,626.91,666.539
Algeria,"Gross domestic product (GDP), Current prices, US dollar",Billions,45.957,48.156,48.599,51.582,55.906,66.346,66.783,68.698,56.07,57.041,67.171,50.65,53.414,55.309,46.044,45.654,50.945,52.287,52.297,53.011,59.418,59.413,61.516,73.482,91.914,107.047,123.084,142.483,180.384,150.317,177.785,218.332,227.144,229.701,238.943,187.494,180.764,190.004,194.507,193.361,164.774,185.85,225.709,247.789,264.913,268.885,269.435,274.52,279.983,285.271,290.941
Argentina,"Gross domestic product (GDP), Current prices, US dollar",Billions,233.696,189.802,94.25,116.267,130.544,98.599,118.565,121.561,142.386,91.352,158.024,211.979,255.787,264.429,287.835,288.497,304.282,327.436,334.244,316.998,317.759,300.421,112.458,142.431,164.911,199.273,232.892,287.921,363.545,334.633,424.729,527.644,579.666,611.471,563.614,642.464,556.774,643.861,524.431,446.762,385.218,486.04,632.318,645.511,632.145,683.533,715.376,715.766,712.668,738.395,776.815
Austria,"Gross domestic product (GDP), Current prices, US dollar",Billions,80.481,69.738,69.727,70.644,66.64,68.248,96.842,121.104,132.86,132.534,165.953,173.481,194.436,189.342,202.854,239.914,236.044,211.978,217.363,216.637,196.268,196.479,212.687,260.714,299.075,314.126,333.924,386.806,429.187,398.857,390.146,428.879,407.008,426.587,438.669,379.584,393.579,414.78,452.787,443.033,434.05,480.786,472.339,512.509,521.269,534.301,551.918,572.442,591.248,609.827,628.259
Algeria,"Gross domestic product (GDP), Current prices, Per capita, US dollar",Units,2462.085,2502.13,2446.588,2514.256,2640.191,2988.545,2929.092,2935.816,2326.571,2309.34,2684.465,1975.201,2033.196,2056.556,1674.567,1626.997,1783.41,1800.196,1772.368,1769.091,1947.755,1919.41,1958.238,2304.603,2839.82,3258.153,3690.572,4208.244,5214.762,4262.144,4941.493,5946.345,6057.974,5997.896,6108.878,4691.686,4426.58,4554.15,4568.244,4452.856,3757.585,4169.217,4983.545,5389.842,5681.632,5690.504,5630.761,5668.998,5713.242,5752.132,5740.182
Argentina,"Gross domestic product (GDP), Current prices, Per capita, US dollar",Units,8361.209,6671.428,3257.853,3962.735,4374.783,3248.745,3857.027,3909.984,4524.498,2867.307,4857.796,6429.454,7653.711,7796.24,8378.735,8295.123,8645.455,9196.516,9283.175,8709.072,8638.543,8085.356,2997.621,3761.088,4314.098,5163.55,5976.082,7315.726,9146.79,8337.811,10412.974,12787.806,13889.792,14488.829,13208.831,14895.316,12772.868,14618.327,11786.433,9941.59,8489.332,10610.191,13676.216,13835.967,13415.312,14362.247,14882.507,14743.184,14534.04,14909.602,15530.08
Bangladesh,"Gross domestic product (GDP), Current prices, Per capita, US dollar",Units,311.093,322.318,294.02,277.489,303.3,317.511,318.062,339.17,355.592,378.07,398.05,402.354,400.912,395.867,411.91,450.133,471.268,479.354,488.077,491.461,483.217,480.724,490.919,532.343,563.21,572.014,610.469,668.54,760.65,841.252,935.755,1032.313,1057.884,1176.16,1340.289,1495.538,1679.021,1839.755,1991.739,2154.227,2270.348,2497.741,2730.846,2651.738,2622.368,2689.241,2925.047,3146.42,3396.042,3732.424,4075.962
Australia,"Gross domestic product (GDP), Current prices, Per capita, US dollar",Units,11007.11,12527.968,12234.339,11591.576,12574.63,10967.197,11244.812,12998.143,16245.405,18209.046,18877.81,18668.311,18112.564,17455.939,19748.718,20929.06,23167.547,23036.266,20394.834,21775.12,20912.038,19503.999,21703.958,27293.622,32861.496,36260.401,37980.615,45207.836,49198.059,45771.767,56584.708,67289.469,68481.215,65237.984,61629.37,51446.422,51779.836,55782.112,56357.044,54320.185,53163.316,64251.284,65574.135,64652.153,66247.96,64547.098,66277.318,68117.43,70143.677,72374.44,74886.083
Belgium,"Gross domestic product (GDP), Current prices, Per capita, US dollar",Units,12529.407,10366.157,9128.627,8626.201,8244.885,8568.693,11873.863,14740.526,16008.714,16098.234,20120.031,20563.827,22823.138,21723.728,23624.579,28458.604,27535.287,24878.749,25399.222,25309.265,23136.511,23067.163,25044.331,30707.665,35497.552,36945.499,38841.785,44496.791,48493.275,45055.745,44460.655,47915.958,45028.566,47055.739,48129.389,41032.322,41918.104,44110.725,47627.406,46858.358,45933.801,51830.701,51121.137,54924.575,56271.417,57772.418,59457.705,60807.874,62385.183,64005.603,65705.363
Austria,"Gross domestic product (GDP), Current prices, Per capita, US dollar",Units,10673.228,9229.942,9216.949,9365.702,8834.022,9041.048,12815.58,16004.95,17536.325,17451.786,21707.996,22498.089,24931.218,24020.491,25584.781,30184.445,29657.412,26603.585,27249.493,27105.607,24498.114,24430.662,26315.717,32114.633,36608.939,38190.312,40387.725,46630.129,51575.468,47816.021,46662.235,51126.851,48302.044,50321.474,51342.747,43986.748,45032.903,47055.738,50963.207,50010.449,48764.175,53827.418,52609.011,56290.149,56914.537,58191.922,59960.823,62035.406,63894.493,65718.259,67515.603
Australia,"Gross domestic product (GDP), Current prices, US dollar",Billions,162.924,188.41,187.049,179.478,197.136,174.385,181.477,213.1,271.088,308.402,324.128,324.436,318.005,309.303,353.372,379.227,424.663,426.401,381.498,411.968,400.278,378.114,425.516,541.155,658.742,736.505,783.447,950.093,1056.559,1000.828,1254.623,1515.507,1570.139,1519.9,1456.939,1233.921,1262.655,1381.11,1417.162,1386.277,1362.613,1655.843,1725.461,1742.461,1796.805,1771.681,1841.002,1914.821,1995.441,2083.608,2181.788
Brazil,"Gross domestic product (GDP), Current prices, Per capita, US dollar",Units,1229.883,1382.548,1446.228,1134.932,1105.852,1719.515,1955.069,2087.445,2289.424,3087.928,3106.116,2677.837,2523.736,2787.164,3495.239,4851.99,5204.574,5321.137,5123.549,3501.438,3751.971,3163.671,2844.405,3077.735,3647.959,4806.171,5906.244,7374.237,8863.269,8640.934,11341.268,13326.088,12465.45,12406.559,12230.669,8893.346,8812.503,10055.567,9281.668,9010.512,7057.072,7951.553,9256.482,10350.437,10214.032,9964.1,10215.584,10697.469,11208.539,11774.535,12376.777
Brazil,"Gross domestic product (GDP), Current prices, US dollar",Billions,145.819,167.583,179.166,143.652,142.957,226.938,263.256,286.539,320.105,439.434,455.335,399.249,382.465,429.184,546.764,770.86,851.146,883.862,864.307,599.642,655.454,559.982,509.798,558.232,669.29,891.633,1107.628,1397.114,1695.855,1669.204,2208.704,2614.027,2464.053,2471.718,2456.055,1800.046,1796.622,2063.519,1916.934,1873.286,1476.092,1670.65,1951.849,2191.137,2171.337,2125.958,2186.983,2297.36,2414.121,2542.873,2679.565
Canada,"Gross domestic product (GDP), Current prices, Per capita, US dollar",Units,11281.422,12396.666,12543.938,13493.198,13947.358,14185.922,14539.75,16408.139,19041.182,20842.455,21572.137,21885.57,20984.778,20210.452,20024.581,20706.725,21325.69,21930.485,21046.556,22340.553,24296.721,23859.77,24279.8,28340.085,32178.496,36440.967,40559.017,44717.074,46773.744,40989.278,47625.742,52285.815,52745.057,52711.32,51025.428,43628.425,42382.499,45192.368,46617.97,46430.975,43573.195,52912.175,56358.067,54376.269,54473.186,53558.062,56141.001,58566.458,60767.455,63025.802,65691.992
Colombia,"Gross domestic product (GDP), Current prices, Per capita, US dollar",Units,1682.427,1792.984,1878.86,1827.905,1767.893,1623.658,1592.848,1624.054,1714.91,1694.091,1691.106,1712.347,1986.543,2209.203,2726.817,3035.313,3137.068,3399.33,3090.903,2673.665,2535.477,2461.328,2424.349,2313.535,2827.173,3493.965,3836.672,4834.416,5622.109,5330.795,6498.585,7518.304,8237.306,8409.7,8312.056,6337.03,6037.133,6577.287,6923.64,6540.141,5363.241,6231.24,6687.587,7015.002,7942.589,8054.24,8333.855,8663.274,9018.613,9388.778,9767.645
Chile,"Gross domestic product (GDP), Current prices, Per capita, US dollar",Units,2598.159,3025.972,2219.964,1774.676,1698.949,1434.434,1515.068,1756.21,2035.335,2305.635,2521.569,2849.743,3392.088,3572.096,4058.557,5153.88,5387.405,5799.339,5475.546,4985.768,5099.922,4608.057,4479.771,4824.87,6183.906,7558.009,9410.392,10447.116,10759.738,10176.733,12723.064,14560.249,15316.01,15740.391,14582.85,13494.489,13722.878,15003.77,15755.003,14551.577,13056.638,16028.325,15193.738,16814.208,16439.479,17015.08,17600.433,18264.475,18950.758,19660.667,20390.032
Canada,"Gross domestic product (GDP), Current prices, US dollar",Billions,276.064,307.246,314.639,341.863,356.728,366.184,379.015,433.14,509.38,567.225,596.089,612.514,594.376,579.059,579.913,605.941,630.598,655.01,634.004,678.417,744.631,738.968,760.149,895.599,1026.473,1173.505,1319.356,1468.896,1552.864,1376.509,1617.345,1793.327,1828.362,1846.595,1805.751,1556.508,1527.996,1649.266,1725.3,1743.725,1655.685,2022.382,2190.411,2173.34,2241.253,2225.341,2332.563,2435.529,2542.339,2657.894,2792.323
Finland,"Gross domestic product (GDP), Current prices, Per capita, US dollar",Units,11257.795,10990.447,11036.936,10545.058,10889.934,11488.754,14998.341,18632.076,22122.56,24040.639,28491.135,25650.711,22497.298,17641.392,20406.2,26322.115,25806.206,24750.37,26064.759,26236.007,24369.776,24998.587,26999.895,32954.317,37812.031,39142.224,41300.022,48586.821,53894.581,47538.607,46647.994,51174.768,47693.7,49804.351,50180.785,42625.16,43502.557,46109.916,49698.347,48395.834,48827.138,53203.799,50551.801,53026.111,53326.396,54162.987,56239.277,58112.449,60052.487,62139.816,64433.701
Denmark,"Gross domestic product (GDP), Current prices, Per capita, US dollar",Units,13824.64,11994.613,11737.06,11791.596,11515.53,12218.954,17150.903,21304.876,22525.652,21894.222,26914.854,27044.086,29632.327,27624.212,30023.075,35440.899,35703.887,32841.426,33405.3,33477.76,30777.178,30823.475,33304.059,40572.443,46684.835,48998.314,52213.64,58786.14,64826.681,58536.553,58240.45,61920.301,58559.563,61512.411,62700.908,53316.984,54699.182,57683.746,61456.783,59489.614,61075.932,69927.264,68434.674,68618.872,72041.536,74969.186,78341.544,80969.499,83375.398,86235.003,89008.547
Czech Republic,"Gross domestic product (GDP), Current prices, Per capita, US dollar",Units,,,,,,,,,,,,,,,,5861.187,6569.378,6065.51,6521.063,6374.041,6048.872,6659.088,8096.686,9857.191,11784.605,13458.775,15281.951,18513.803,22895.716,19863.767,20184.18,22068.782,20024.209,20256.925,20063.059,17944.844,18731.83,20882.415,23661.699,24013.061,23464.296,27667.664,27876.28,31630.134,31542.861,33039.214,34651.647,36061.371,37588.372,39190.495,40869.94
Germany,"Gross domestic product (GDP), Current prices, US dollar",Billions,856.833,720.895,696.088,694.447,654.289,663.459,947.583,1179.165,1271.263,1262.0,1604.497,1882.489,2146.14,2080.092,2220.165,2595.269,2507.448,2221.504,2250.847,2216.072,1967.85,1966.395,2100.865,2534.081,2851.023,2894.992,3046.47,3484.467,3808.369,3476.022,3470.987,3824.155,3600.175,3808.142,3966.823,3423.915,3536.808,3761.764,4053.846,3957.645,3936.989,4351.188,4166.872,4527.009,4658.526,4744.804,4911.746,5083.216,5251.928,5416.003,5575.689
Germany,"Gross domestic product (GDP), Current prices, Per capita, US dollar",Units,11150.445,9363.773,9048.007,9058.272,8569.045,8710.65,12432.393,15467.993,16575.159,16291.592,20323.326,23538.989,26660.209,25697.119,27359.713,31918.986,30778.982,27254.373,27636.064,27217.026,24158.215,24122.365,25752.683,31074.334,35000.56,35592.675,37530.238,43021.966,47153.994,43189.389,43233.452,47637.891,44763.54,47220.321,48983.25,41914.927,42949.139,45510.535,48897.189,47629.1,47341.768,52300.607,49725.343,53565.041,54989.76,55911.042,57800.968,59771.21,61734.023,63650.043,65524.753
France,"Gross domestic product (GDP), Current prices, Per capita, US dollar",Units,12623.85,11057.517,10433.377,9921.765,9357.211,9753.414,13487.79,16241.482,17650.437,17639.404,21735.528,21675.374,23775.543,22357.695,23505.585,26927.038,26883.799,24309.419,25024.875,24755.925,22502.094,22486.945,24295.367,29675.139,33876.29,34964.765,36685.03,41762.59,45753.56,41943.313,40988.558,44197.638,41150.451,42951.716,43277.417,36775.676,37081.496,38756.651,41539.756,40487.302,39230.928,43848.345,41096.683,44792.016,46203.675,46792.41,48210.897,49530.452,50958.288,52418.747,53951.199
Greece,"Gross domestic product (GDP), Current prices, Per capita, US dollar",Units,5865.653,5347.26,5545.699,4980.328,4827.409,4765.272,5592.106,6486.385,7526.494,7769.62,9544.71,10139.849,11077.903,10306.377,10968.169,12816.689,13459.426,13070.508,13075.654,13369.562,11826.517,12186.368,13789.85,18036.4,21468.468,22101.329,24452.035,28476.246,31740.794,29426.018,26679.741,25457.905,21557.251,21498.365,21412.642,17921.051,17901.38,18602.048,19867.086,19332.053,17839.122,20456.642,20942.384,23388.611,24716.307,25756.247,26980.644,27895.445,28900.787,29930.384,31014.022
France,"Gross domestic product (GDP), Current prices, US dollar",Billions,695.475,612.552,581.254,555.956,526.671,551.596,766.302,927.257,1012.843,1017.702,1260.874,1263.244,1392.563,1315.795,1388.477,1596.25,1599.248,1451.058,1498.974,1488.392,1361.56,1370.386,1491.373,1834.637,2108.835,2193.358,2317.985,2656.13,2926.483,2697.144,2648.391,2869.903,2684.706,2816.119,2861.973,2442.731,2469.726,2587.955,2782.838,2723.094,2645.806,2968.405,2797.049,3056.88,3162.023,3211.292,3317.916,3418.285,3526.684,3637.929,3754.78
Israel,"Gross domestic product (GDP), Current prices, Per capita, US dollar",Units,6396.519,6729.335,7084.884,7737.141,7231.345,6603.672,8005.197,9407.928,11463.224,11466.04,13117.723,14011.679,15115.703,14800.871,16470.651,19047.02,20271.918,20522.98,20207.806,19849.194,21717.968,20973.123,19087.376,19671.531,20593.467,21285.46,22558.596,25738.706,30278.46,28521.786,31450.574,34534.693,33335.488,37050.035,38360.456,36227.66,37683.004,41155.578,42378.813,44265.482,44579.44,52293.574,54986.351,52023.616,54191.61,57760.129,59701.461,61602.747,63618.276,65699.977,67851.401
Italy,"Gross domestic product (GDP), Current prices, US dollar",Billions,479.967,435.267,430.169,446.399,441.048,455.457,645.071,809.632,897.006,932.931,1164.328,1229.898,1305.099,1049.47,1082.455,1177.984,1315.136,1246.34,1274.381,1256.251,1150.169,1172.049,1280.841,1582.534,1811.987,1866.013,1958.667,2222.785,2417.242,2207.085,2146.687,2306.568,2099.259,2153.259,2173.815,1845.615,1886.59,1970.027,2100.387,2019.831,1905.956,2180.656,2105.722,2305.271,2372.059,2422.855,2504.607,2566.489,2634.076,2705.116,2779.44
Italy,"Gross domestic product (GDP), Current prices, Per capita, US dollar",Units,8511.792,7706.659,7610.37,7892.058,7797.171,8048.61,11397.445,14305.851,15845.543,16468.564,20536.935,21674.463,22988.054,18469.667,19043.086,20722.958,23135.807,21913.138,22395.127,22074.693,20205.515,20576.46,22473.552,27673.263,31451.559,32148.046,33602.692,37989.367,40968.981,37143.445,35963.743,38475.823,34926.415,35722.542,36022.564,30609.504,31357.601,32797.298,35042.793,33767.024,31956.874,36812.887,35671.989,39074.242,40224.012,41091.258,42511.632,43610.442,44821.373,46106.773,47464.192
Ireland,"Gross domestic product (GDP), Current prices, Per capita, US dollar",Units,6254.118,5888.167,6080.001,5841.617,5593.519,5936.362,7995.593,9422.385,10368.452,10757.903,13648.961,13752.398,15336.579,14267.157,15460.077,19092.631,20787.743,22475.477,24209.898,26236.841,26187.426,28120.751,32482.159,40939.423,47387.991,50475.16,53737.841,60769.642,60989.707,51943.659,48636.309,52631.463,49386.473,52544.104,57175.016,64154.626,63933.925,71869.427,80411.7,81504.874,86309.503,103766.935,104717.913,103456.813,106455.886,108919.254,112169.128,115404.128,119657.468,123958.874,128609.63
Indonesia,"Gross domestic product (GDP), Current prices, US dollar",Billions,99.296,110.848,113.799,103.149,107.218,107.062,101.22,95.214,107.279,122.582,138.258,154.558,168.28,190.913,213.727,244.227,274.722,260.68,115.323,169.158,179.482,174.507,212.807,255.346,279.344,310.92,396.518,470.092,558.291,578.577,755.094,892.969,917.87,912.524,890.815,860.854,931.877,1015.619,1042.272,1119.1,1059.055,1186.51,1319.101,1371.169,1396.3,1429.743,1535.057,1649.352,1779.011,1916.671,2065.514
India,"Gross domestic product (GDP), Current prices, US dollar",Billions,186.17,193.153,200.035,218.218,211.843,233.52,248.398,278.864,294.479,296.043,320.979,270.105,288.21,279.295,327.275,360.281,392.902,415.895,421.378,458.821,468.396,485.44,514.938,607.701,709.152,820.385,940.26,1216.736,1198.895,1341.889,1675.615,1823.052,1827.637,1856.721,2039.127,2103.588,2294.797,2651.474,2702.93,2835.606,2674.852,3167.271,3346.107,3638.49,3909.097,4187.017,4601.225,5069.47,5584.476,6148.426,6769.816
Indonesia,"Gross domestic product (GDP), Current prices, Per capita, US dollar",Units,673.239,736.992,741.946,659.474,672.201,658.217,610.234,562.902,621.934,696.874,770.757,847.573,907.767,1013.057,1115.613,1254.023,1394.497,1308.114,572.09,829.574,870.154,834.139,1002.907,1186.465,1279.721,1404.348,1765.794,2064.003,2416.785,2469.384,3177.453,3690.097,3739.917,3667.435,3532.669,3373.489,3604.99,3885.967,3945.583,4192.768,3919.465,4351.304,4784.207,4919.943,4958.385,5026.539,5344.934,5689.773,6082.487,6497.225,6944.523
India,"Gross domestic product (GDP), Current prices, Per capita, US dollar",Units,267.167,270.951,274.332,292.585,277.683,299.291,311.323,341.864,353.207,347.464,368.75,303.85,317.56,301.5,346.227,373.627,399.583,414.926,412.536,440.962,442.036,449.91,468.845,543.845,624.108,710.512,802.014,1022.732,993.503,1096.637,1350.634,1449.604,1434.018,1438.057,1559.864,1590.174,1714.28,1957.97,1974.378,2050.163,1915.552,2250.179,2361.114,2546.842,2711.412,2878.453,3135.992,3426.293,3743.772,4089.489,4468.543
Japan,"Gross domestic product (GDP), Current prices, US dollar",Billions,1129.378,1245.221,1158.731,1270.86,1345.825,1427.02,2120.084,2580.749,3125.725,3109.455,3185.904,3648.066,3980.703,4536.941,4998.798,5545.566,4923.393,4492.449,4098.363,4635.982,4968.36,4374.71,4182.845,4519.564,4893.135,4831.467,4601.663,4579.75,5106.679,5289.494,5759.072,6233.148,6272.362,5212.328,4896.995,4444.931,5003.678,4930.837,5040.881,5117.995,5054.069,5039.148,4262.146,4213.167,4026.211,4186.431,4373.091,4520.523,4708.707,4828.281,4994.892
Japan,"Gross domestic product (GDP), Current prices, Per capita, US dollar",Units,9671.861,10586.534,9782.353,10655.246,11210.518,11813.035,17457.069,21148.365,25506.113,25274.314,25809.663,29436.88,32007.708,36362.508,39953.203,44210.234,39164.322,35651.27,32436.929,36622.892,39172.971,34410.68,32832.296,35410.229,38307.103,37819.107,36021.9,35847.232,39992.06,41469.773,45135.796,48760.915,49175.035,40934.756,38522.771,35005.662,39411.424,38903.298,39850.331,40547.967,40159.866,40155.188,34080.084,33845.481,32498.146,33955.711,35653.195,37053.899,38812.578,40029.247,41659.412
Mexico,"Gross domestic product (GDP), Current prices, US dollar",Billions,242.153,311.012,225.706,184.01,217.001,230.272,159.434,174.84,213.893,260.663,307.613,368.772,427.661,530.226,553.618,380.182,432.158,523.45,557.485,631.24,742.061,796.055,810.666,765.55,819.459,917.572,1020.265,1102.356,1161.553,943.437,1105.424,1229.014,1255.11,1327.436,1364.508,1213.294,1112.233,1190.721,1256.3,1304.106,1121.065,1316.569,1466.465,1793.799,1852.723,1692.64,1775.296,1863.832,1959.01,2053.884,2151.879
Malaysia,"Gross domestic product (GDP), Current prices, Per capita, US dollar",Units,1926.963,1920.127,2006.482,2189.553,2419.501,2154.458,1864.031,2070.009,2213.866,2380.512,2586.278,2885.568,3378.909,3716.921,4029.272,4671.084,5175.901,5012.378,3521.119,3762.769,4347.73,4189.053,4441.824,4740.324,5244.873,5678.332,6351.127,7480.893,8766.175,7543.882,9046.978,10397.902,10806.823,10851.657,11165.249,9663.122,9523.316,9965.123,11079.617,11228.293,10400.219,11474.232,12483.323,12090.6,12540.71,13144.983,13878.99,14561.83,15288.654,16008.549,16817.186
Mexico,"Gross domestic product (GDP), Current prices, Per capita, US dollar",Units,3557.305,4461.156,3162.5,2519.488,2904.686,3015.01,2043.27,2194.692,2631.484,3144.69,3640.26,4281.697,4873.452,5933.292,6086.828,4109.778,4597.153,5484.708,5759.186,6435.62,7467.739,7902.129,7934.694,7390.343,7806.561,8626.151,9456.912,10063.621,10438.499,8346.772,9632.818,10554.35,10631.077,11099.184,11272.395,9915.089,8999.57,9542.783,9970.967,10251.145,8744.029,10207.315,11283.919,13678.989,14006.661,12691.551,13208.332,13766.225,14370.506,14969.914,15589.488
Norway,"Gross domestic product (GDP), Current prices, Per capita, US dollar",Units,15746.262,15484.681,15196.29,14906.174,14968.787,15728.224,18853.038,22445.038,24143.118,24245.515,28187.293,28514.498,30432.89,27880.632,29236.375,34790.001,37225.29,36561.409,34732.137,36300.553,38094.597,38553.843,43083.871,50161.513,57676.821,66924.047,74255.799,85276.992,97119.989,80115.693,87823.805,100815.931,101779.186,103214.973,97302.705,74568.136,70629.25,75940.152,82605.966,76303.704,68275.277,92955.249,108908.039,87276.15,86611.173,89693.652,91983.999,94472.385,96800.038,99243.514,101857.437
Peru,"Gross domestic product (GDP), Current prices, Per capita, US dollar",Units,1150.686,1356.398,1316.278,999.442,1006.416,851.139,1248.386,2015.875,1560.368,1885.285,1285.664,1511.937,1543.242,1469.214,1815.739,2119.375,2163.399,2238.263,2106.752,1872.791,1910.357,1910.299,1998.363,2147.735,2405.294,2677.739,3130.79,3633.714,4286.515,4279.172,5200.933,5928.493,6638.829,6920.082,6880.901,6436.053,6453.923,6992.244,7210.677,7251.682,6328.104,6849.342,7318.6,7929.864,8485.019,8814.375,9181.794,9504.893,9824.631,10168.383,10528.583
Philippines,"Gross domestic product (GDP), Current prices, Per capita, US dollar",Units,774.484,829.816,843.471,735.714,678.342,645.597,615.047,666.915,744.307,816.961,828.821,830.407,946.762,949.733,1094.543,1237.311,1316.406,1279.835,988.487,1112.353,1087.287,1003.957,1050.297,1062.619,1137.068,1261.241,1470.825,1764.683,2011.634,1923.674,2237.157,2473.249,2721.252,2903.189,2995.504,3039.234,3107.646,3153.314,3279.519,3512.195,3312.739,3580.009,3644.792,3905.419,4078.977,4349.735,4661.205,5017.032,5405.447,5827.386,6283.209
Pakistan,"Gross domestic product (GDP), Current prices, Per capita, US dollar",Units,479.064,550.438,584.379,530.372,560.154,545.174,543.594,553.482,621.142,631.367,615.815,684.45,713.395,735.815,723.052,823.987,839.336,807.501,784.545,725.396,733.461,696.936,689.971,771.761,885.149,948.828,1032.277,1146.082,1228.232,1108.978,1137.985,1301.736,1377.776,1390.648,1423.889,1535.348,1566.625,1653.406,1698.034,1500.683,1376.512,1565.575,1651.323,1459.297,1581.174,,,,,,
Singapore,"Gross domestic product (GDP), Current prices, Per capita, US dollar",Units,5004.992,5672.105,6000.032,6717.837,7160.262,6788.387,6870.769,7794.688,9328.951,10725.743,12763.342,14501.96,16136.244,18290.132,21552.408,24914.851,26232.869,26375.868,21829.278,21796.642,23852.834,21699.748,22159.833,23730.379,27608.075,29961.308,33768.446,39432.895,40008.577,38926.813,47236.672,53891.462,55547.546,56967.426,57564.802,55645.607,57005.574,61236.251,66881.623,65952.022,61410.094,80056.109,90299.091,85412.252,90674.044,92932.142,95729.27,99112.942,102739.623,106590.186,110562.49
Romania,"Gross domestic product (GDP), Current prices, Per capita, US dollar",Units,2052.081,2450.352,2441.211,2125.157,1710.302,2101.997,2264.368,2517.949,2593.057,2314.744,1641.855,1241.063,847.68,1147.325,1317.048,1563.117,1565.472,1571.689,1885.349,1600.881,1667.613,1800.966,2108.445,2672.061,3487.699,4608.801,5744.634,8273.885,10446.423,8540.592,8392.775,9547.264,8918.587,9482.448,10025.886,8951.798,9379.115,10717.275,12473.519,12962.103,13056.738,14935.34,15592.939,18412.783,20278.199,21421.047,22676.108,23999.599,25457.061,27068.804,28809.465
Saudi Arabia,"Gross domestic product (GDP), Current prices, Per capita, US dollar",Units,19543.4,20846.201,16507.688,13252.641,11688.011,9666.717,7698.924,7221.944,7083.177,7287.351,8562.256,9143.234,9242.65,8740.725,8663.672,8957.496,9666.949,9858.984,8512.519,9144.592,10448.562,9898.29,9937.43,11027.928,12891.345,15943.431,17827.397,19196.07,23403.651,18836.967,22028.379,26966.305,28348.563,27290.188,27079.673,22453.58,21515.651,23081.196,28036.026,27892.842,23271.404,28396.104,34454.196,31676.444,30746.453,30098.871,30562.895,31524.309,32518.884,33536.625,34566.669
Saudi Arabia,"Gross domestic product (GDP), Current prices, US dollar",Billions,164.54,184.292,153.24,129.181,119.631,103.894,86.886,85.582,88.138,95.217,117.474,132.047,136.905,132.79,134.995,143.152,158.451,165.742,146.776,161.717,189.515,184.138,189.606,215.808,258.742,328.205,376.398,415.687,519.797,429.098,528.207,676.635,741.85,753.864,766.606,669.485,666.0,714.994,846.584,838.565,734.271,874.157,1108.571,1067.583,1085.358,1083.749,1122.465,1180.93,1242.552,1307.069,1374.158
Portugal,"Gross domestic product (GDP), Current prices, Per capita, US dollar",Units,3338.767,3296.657,3095.098,2838.658,2596.078,2716.647,3774.586,4724.455,5532.625,5977.583,7957.251,9026.309,10863.496,9547.652,9977.624,11787.326,12187.521,11594.778,12216.689,12487.675,11531.467,11734.855,12927.547,15793.822,18055.962,18790.508,19840.493,22813.754,24946.304,23126.079,22570.36,23224.224,20574.028,21642.244,22086.991,19173.726,19914.852,21352.268,23436.023,23192.2,22093.25,24618.869,24558.6,27394.2,28917.901,30002.01,31465.405,32636.089,33935.497,35285.407,36652.819
Switzerland,"Gross domestic product (GDP), Current prices, US dollar",Billions,122.466,112.129,114.891,114.517,109.4,110.965,159.074,199.086,215.36,208.135,265.911,269.003,279.764,272.006,301.246,353.094,340.241,294.824,303.238,297.581,279.305,286.78,309.579,362.132,403.461,418.265,441.898,491.075,566.938,553.873,598.339,715.864,686.553,706.748,726.634,693.805,687.771,695.544,725.91,721.867,741.288,814.699,828.522,894.867,936.738,947.125,990.523,1028.968,1074.152,1113.974,1162.661
Spain,"Gross domestic product (GDP), Current prices, US dollar",Billions,231.048,204.843,197.89,173.072,172.597,181.847,251.618,318.787,374.535,413.106,536.322,577.166,630.91,529.98,531.801,614.713,642.48,590.5,619.541,635.025,598.367,627.803,708.437,907.736,1069.344,1155.306,1261.914,1476.92,1635.936,1494.963,1429.155,1487.307,1331.838,1362.207,1380.6,1206.287,1242.673,1321.288,1432.292,1403.651,1288.751,1462.216,1447.636,1620.558,1722.227,1799.511,1886.218,1961.594,2037.746,2117.209,2201.213
Spain,"Gross domestic product (GDP), Current prices, Per capita, US dollar",Units,6118.91,5373.904,5163.843,4495.142,4465.003,4687.776,6467.667,8175.112,9584.39,10550.417,13673.271,14675.641,15989.337,13389.752,13399.66,15452.589,16113.303,14770.651,15442.962,15747.58,14714.351,15299.106,16936.981,21334.669,24698.252,26251.002,28177.362,32339.713,35379.801,32158.985,30624.424,31767.697,28511.285,29297.451,29737.831,25986.986,26725.642,28326.416,30526.94,29664.183,27188.392,30792.106,30105.547,33325.44,35091.647,36192.363,37488.718,38583.541,39726.892,40968.4,42327.576
Switzerland,"Gross domestic product (GDP), Current prices, Per capita, US dollar",Units,19426.638,17699.844,18027.725,17865.396,17019.366,17187.864,24529.567,30520.621,32794.286,31440.365,39842.782,39811.005,40883.18,39375.507,43226.544,50305.424,48179.119,41635.951,42733.586,41771.618,38987.268,39841.678,42665.247,49512.203,54788.297,56408.02,59243.549,65398.227,74665.843,71912.927,76848.009,90961.101,86304.629,87914.911,89267.103,84220.118,82595.245,82606.13,85562.182,84478.285,86136.149,93967.642,94807.399,101516.399,104523.348,104895.588,108928.603,112358.691,116465.628,119931.838,124291.156
Sweden,"Gross domestic product (GDP), Current prices, Per capita, US dollar",Units,16779.521,15307.597,13498.006,12398.756,12901.006,13471.051,17749.347,21504.057,24198.345,25265.03,30078.707,31307.878,32396.206,24316.028,25940.638,30218.291,33009.711,30319.117,30594.173,30956.584,29596.993,27219.096,29904.825,37219.938,42673.53,43291.52,46364.062,53365.592,55596.078,46496.896,52333.874,60165.568,57529.127,60563.645,59270.463,50928.576,51446.757,52971.455,53890.765,51528.899,52522.605,60961.254,55115.015,55487.701,57625.095,58100.193,60358.095,62503.134,64559.359,66692.76,68920.941
South Africa,"Gross domestic product (GDP), Current prices, Per capita, US dollar",Units,3074.684,3122.686,2806.158,3062.892,2633.905,1955.165,2176.064,2801.31,2954.825,3004.44,3425.585,3587.879,3802.578,3716.193,3786.21,4145.21,3869.7,3937.658,3508.14,3423.595,3382.066,2964.029,2778.115,4191.4,5392.861,6007.979,6250.883,6752.256,6337.933,6538.166,8118.173,8784.648,8185.718,7431.908,6952.314,6222.526,5721.189,6647.093,6956.41,6582.757,5630.983,6938.723,6629.419,6111.746,6331.913,6396.921,6516.343,6648.51,6792.447,6935.937,7093.29
Thailand,"Gross domestic product (GDP), Current prices, Per capita, US dollar",Units,705.484,744.913,767.41,824.445,845.08,772.393,840.315,967.712,1160.538,1338.257,1564.175,1769.043,1999.204,2209.362,2491.433,2846.59,3043.982,2468.182,1845.829,2033.26,2007.735,1893.264,2096.189,2359.116,2660.126,2894.06,3369.545,3973.019,4379.659,4213.01,5076.339,5492.115,5860.583,6168.268,5951.877,5840.05,5993.308,6593.816,7298.941,7812.886,7169.943,7236.434,7072.748,7350.89,7491.686,7766.698,7911.66,8152.057,8434.403,8750.87,9097.932
United Kingdom,"Gross domestic product (GDP), Current prices, US dollar",Billions,604.697,588.342,559.326,532.925,504.939,537.2,655.035,814.102,989.706,1007.623,1197.021,1248.625,1289.587,1155.162,1241.72,1344.504,1421.099,1561.239,1653.852,1688.248,1668.69,1650.252,1788.549,2056.294,2422.619,2546.038,2712.257,3091.695,2960.39,2421.476,2487.924,2664.719,2707.571,2786.665,3066.304,2928.558,2699.086,2682.384,2875.024,2853.074,2698.705,3144.079,3125.404,3371.118,3644.636,3839.18,4040.844,4239.513,4457.367,4701.933,4955.988
United Kingdom,"Gross domestic product (GDP), Current prices, Per capita, US dollar",Units,10734.896,10439.364,9936.331,9463.11,8951.397,9498.885,11555.907,14331.774,17388.88,17653.75,20913.04,21738.274,22394.494,20015.28,21460.02,23171.12,24432.614,26772.972,28283.064,28768.448,28337.638,27916.906,30127.493,34480.168,40410.653,42143.874,44589.681,50419.848,47884.16,38892.333,39641.869,42106.64,42501.709,43469.644,47468.211,44978.619,41114.514,40617.562,43275.096,42712.614,40230.545,46731.477,46233.787,49213.399,52648.187,54949.056,57386.693,59827.807,62596.341,65717.49,68948.092
United States,"Gross domestic product (GDP), Current prices, US dollar",Billions,2857.325,3207.025,3343.8,3634.025,4037.65,4339.0,4579.625,4855.25,5236.425,5641.6,5963.125,6158.125,6520.325,6858.55,7287.25,7639.75,8073.125,8577.55,9062.825,9631.175,10250.95,10581.925,10929.1,11456.45,12217.175,13039.2,13815.6,14474.25,14769.85,14478.05,15048.975,15599.725,16253.95,16880.675,17608.125,18295.0,18804.9,19612.1,20656.525,21539.975,21354.125,23681.175,26006.9,27720.725,29184.9,30507.217,31717.641,32941.71,34342.132,35712.824,37153.089
United States,"Gross domestic product (GDP), Current prices, Per capita, US dollar",Units,12552.943,13948.701,14404.994,15513.679,17086.441,18199.32,19034.766,20000.968,21375.999,22814.077,23847.977,24302.776,25392.931,26364.192,27674.021,28671.48,29946.973,31440.087,32833.666,34496.241,36312.782,37101.453,37945.761,39405.354,41641.617,44034.256,46216.853,47943.353,48470.553,47102.428,48586.288,50008.108,51736.738,53363.904,55263.817,57006.926,58179.697,60292.978,63165.278,65561.32,64454.224,71231.559,77801.397,82253.907,85812.176,89105.202,92096.549,95087.362,98547.417,101880.842,105370.679
Vietnam,"Gross domestic product (GDP), Current prices, Per capita, US dollar",Units,652.593,318.521,414.347,612.565,1044.409,318.956,705.99,856.91,464.581,123.364,121.715,141.111,178.973,234.983,285.953,358.661,419.063,449.338,448.119,465.248,498.579,513.197,546.555,610.357,756.981,873.136,996.255,1152.267,1446.562,1481.442,1628.013,1949.826,2197.619,2369.973,2566.854,2581.907,2720.168,2957.899,3216.254,3439.102,3548.892,3756.885,4132.93,4316.74,4535.756,4805.842,5041.887,5334.298,5640.994,5957.564,6289.507
United Arab Emirates,"Gross domestic product (GDP), Current prices, Per capita, US dollar",Units,41311.881,42237.276,36927.264,32717.479,29957.847,27912.523,21198.712,22345.786,19032.876,21142.453,27484.598,25577.028,25833.806,25033.005,25737.492,26309.298,29821.12,29909.645,26571.562,27833.669,32495.862,30877.714,30969.024,32166.941,34944.807,39389.226,45239.607,46090.439,48548.6,37428.383,43096.618,49814.08,51014.0,51004.352,50060.345,42373.624,40436.026,41925.188,45533.526,43939.817,37621.04,42103.083,48861.364,48146.063,48830.171,49498.384,51715.486,54662.004,57765.444,60993.448,64227.527
